year,sigungu,sigungu_code,agg_emi_s1_firm
2023,서울특별시 종로구,11010,24343655
2023,서울특별시 중구,11020,17083068
2023,서울특별시 용산구,11030,2209149
2023,서울특별시 광진구,11050,23016
2023,서울특별시 동대문구,11060,1127466
2023,서울특별시 서대문구,11130,314940
2023,서울특별시 마포구,11140,10271077
2023,서울특별시 강서구,11160,2538590
2023,서울특별시 금천구,11180,315964
2023,서울특별시 영등포구,11190,11773748
2023,서울특별시 서초구,11220,3635293
2023,서울특별시 강남구,11230,7.28E+06
2023,서울특별시 송파구,11240,681960
2023,부산광역시 남구,21070,26749984
2023,부산광역시 사하구,21100,621710
2023,부산광역시 강서구,21120,676017
2023,부산광역시 수영구,21140,86141
2023,대구광역시 중구,22010,18570
2023,대구광역시 동구,22020,124752
2023,대구광역시 북구,22050,148516
2023,대구광역시 달서구,22070,179315
2023,대구광역시 달성군,22510,439587
2023,인천광역시 중구,23010,409672
2023,인천광역시 동구,23020,94451
2023,인천광역시 연수구,23040,375972
2023,인천광역시 남동구,23050,23073
2023,인천광역시 부평구,23060,2.33E+05
2023,인천광역시 서구,23080,176091
2023,인천광역시 미추홀구,23090,58536
2023,광주광역시 서구,24020,6139
2023,광주광역시 북구,24040,425678
2023,광주광역시 광산구,24050,1553029
2023,대전광역시 유성구,25040,1.46E+07
2023,대전광역시 대덕구,25050,401808
2023,울산광역시 중구,26010,2.72E+07
2023,울산광역시 남구,26020,2992598
2023,울산광역시 동구,26030,802977
2023,울산광역시 울주군,26510,1388570
2023,세종시 세종시,29010,104443
2023,경기도 수원시,31011,13436071
2023,경기도 성남시,31021,39967157
2023,경기도 안양시,31041,106681
2023,경기도 부천시,31050,2824835
2023,경기도 평택시,31070,414092
2023,경기도 안산시,31091,832932
2023,경기도 오산시,31140,108392
2023,경기도 시흥시,31150,200114
2023,경기도 의왕시,31170,18055
2023,경기도 용인시,31191,3963216
2023,경기도 파주시,31200,146934
2023,경기도 안성시,31220,78957
2023,경기도 김포시,31230,803393
2023,경기도 화성시,31240,1569435
2023,경기도 광주시,31250,241231
2023,경기도 양주시,31260,22988
2023,강원도 원주시,32020,724816
2023,강원도 강릉시,32030,4392804
2023,강원도 영월군,32530,2.22E+05
2023,강원도 평창군,32540,197445
2023,강원도 정선군,32550,3.12E+05
2023,충청북도 충주시,33020,51887
2023,충청북도 청주시,33040,1.22E+06
2023,충청북도 음성군,33570,14608
2023,충청북도 단양군,33580,7.27E+06
2023,충청남도 천안시,34011,1.72E+05
2023,충청남도 보령시,34030,31545261
2023,충청남도 아산시,34040,112365
2023,충청남도 서산시,34050,6875033
2023,충청남도 당진시,34080,5199746
2023,충청남도 금산군,34510,408777
2023,충청남도 서천군,34540,21168
2023,충청남도 홍성군,34560,121756
2023,전라북도 전주시,35011,758792
2023,전라북도 군산시,35020,3.09E+07
2023,전라북도 익산시,35030,5.73E+05
2023,전라북도 정읍시,35040,98474
2023,전라북도 완주군,35510,103551
2023,전라북도 무주군,35530,16508
2023,전라북도 순창군,35560,5.87E+04
2023,전라남도 여수시,36020,603635
2023,전라남도 광양시,36060,84617269
2023,전라남도 담양군,36510,112002
2023,전라남도 곡성군,36520,257548
2023,전라남도 영암군,36610,487374
2023,경상북도 포항시,37011,2912530
2023,경상북도 경주시,37020,3131241
2023,경상북도 김천시,37030,78110
2023,경상북도 구미시,37050,2762703
2023,경상북도 영주시,37060,281811
2023,경상북도 경산시,37100,198967
2023,경상남도 진주시,38030,31968090
2023,경상남도 사천시,38060,84149
2023,경상남도 김해시,38070,727500
2023,경상남도 밀양시,38080,1761
2023,경상남도 거제시,38090,351978
2023,경상남도 양산시,38100,502169
2023,경상남도 창원시,38111,1511960
2023,경상남도 함안군,38520,990633
2023,경상남도 고성군,38540,65285
2023,서울특별시 성동구,11040,
2023,서울특별시 중랑구,11070,
2023,서울특별시 성북구,11080,
2023,서울특별시 강북구,11090,
2023,서울특별시 도봉구,11100,
2023,서울특별시 노원구,11110,
2023,서울특별시 은평구,11120,
2023,서울특별시 양천구,11150,
2023,서울특별시 구로구,11170,
2023,서울특별시 동작구,11200,
2023,서울특별시 관악구,11210,
2023,서울특별시 강동구,11250,
2023,부산광역시 중구,21010,
2023,부산광역시 서구,21020,
2023,부산광역시 부산진구,21050,
2023,부산광역시 동래구,21060,
2023,부산광역시 북구,21080,
2023,부산광역시 해운대구,21090,
2023,부산광역시 금정구,21110,
2023,부산광역시 연제구,21130,
2023,부산광역시 사상구,21150,
2023,부산광역시 기장군,21510,
2023,대구광역시 서구,22030,
2023,대구광역시 수성구,22060,
2023,인천광역시 계양구,23070,
2023,인천광역시 옹진군,23520,
2023,광주광역시 동구,24010,
2023,광주광역시 남구,24030,
2023,대전광역시 동구,25010,
2023,대전광역시 중구,25020,
2023,대전광역시 서구,25030,
2023,울산광역시 북구,26040,
2023,경기도 의정부시,31030,
2023,경기도 광명시,31060,
2023,경기도 고양시,31101,
2023,경기도 구리시,31120,
2023,경기도 남양주시,31130,
2023,경기도 군포시,31160,
2023,경기도 하남시,31180,
2023,경기도 이천시,31210,
2023,경기도 포천시,31270,
2023,경기도 여주시,31280,
2023,경기도 가평군,31570,
2023,강원도 춘천시,32010,
2023,강원도 동해시,32040,
2023,강원도 태백시,32050,
2023,강원도 속초시,32060,
2023,강원도 삼척시,32070,
2023,강원도 홍천군,32510,
2023,강원도 횡성군,32520,
2023,강원도 양양군,32610,
2023,충청북도 제천시,33030,
2023,충청북도 영동군,33540,
2023,충청북도 진천군,33550,
2023,충청북도 괴산군,33560,
2023,충청북도 증평군,33590,
2023,충청남도 공주시,34020,
2023,충청남도 논산시,34060,
2023,충청남도 부여군,34530,
2023,충청남도 청양군,34550,
2023,충청남도 예산군,34570,
2023,충청남도 태안군,34580,
2023,전라북도 남원시,35050,
2023,전라북도 김제시,35060,
2023,전라북도 고창군,35570,
2023,전라남도 순천시,36030,
2023,전라남도 나주시,36040,
2023,전라남도 강진군,36590,
2023,전라남도 무안군,36620,
2023,전라남도 영광군,36640,
2023,경상북도 안동시,37040,
2023,경상북도 청송군,37530,
2023,경상북도 성주군,37580,
2023,경상북도 칠곡군,37590,
2023,경상북도 예천군,37600,
2023,경상북도 봉화군,37610,
2023,경상북도 울진군,37620,
2023,경상남도 통영시,38050,
2023,경상남도 의령군,38510,
2023,경상남도 창녕군,38530,
2023,경상남도 하동군,38560,
2023,경상남도 산청군,38570,
2023,경상남도 거창군,38590,
2023,제주특별자치도 제주시,39010,
2023,제주특별자치도 서귀포시,39020,