year,sigungu,sigungu_code,agg_emi_s1_estab
2013,서울특별시 종로구,11010,239655.45
2013,서울특별시 중구,11020,1450573.4
2013,서울특별시 용산구,11030,1029997.5
2013,서울특별시 광진구,11050,11157.922
2013,서울특별시 동대문구,11060,506685.09
2013,서울특별시 서대문구,11130,192400.7
2013,서울특별시 마포구,11140,1555754.7
2013,서울특별시 강서구,11160,448730.15
2013,서울특별시 금천구,11180,24607.019
2013,서울특별시 영등포구,11190,68797.658
2013,서울특별시 서초구,11220,451078.59
2013,서울특별시 강남구,11230,70923729
2013,서울특별시 송파구,11240,547622.07
2013,부산광역시 부산진구,21050,52628.463
2013,부산광역시 남구,21070,681.89301
2013,부산광역시 사하구,21100,5670294.6
2013,부산광역시 강서구,21120,734436.82
2013,부산광역시 수영구,21140,497.90274
2013,대구광역시 중구,22010,73291.814
2013,대구광역시 동구,22020,15750.643
2013,대구광역시 북구,22050,104806.25
2013,대구광역시 달서구,22070,281616.33
2013,대구광역시 달성군,22510,293571.19
2013,인천광역시 중구,23010,639871.67
2013,인천광역시 연수구,23040,643041.6
2013,인천광역시 남동구,23050,70162.951
2013,인천광역시 서구,23080,14734768
2013,광주광역시 북구,24040,158009.15
2013,광주광역시 광산구,24050,188669.48
2013,대전광역시 유성구,25040,131659.73
2013,대전광역시 대덕구,25050,367492.13
2013,울산광역시 중구,26010,676.769
2013,울산광역시 남구,26020,25388950
2013,울산광역시 동구,26030,430638.3
2013,울산광역시 울주군,26510,9864670.1
2013,세종시 세종시,29010,1178131.8
2013,경기도 성남시,31021,2684806.6
2013,경기도 안양시,31041,1256842.8
2013,경기도 부천시,31050,1031830.4
2013,경기도 평택시,31070,4813558.6
2013,경기도 안산시,31091,4245618.6
2013,경기도 오산시,31140,150788.6
2013,경기도 시흥시,31150,777713.92
2013,경기도 군포시,31160,193233.14
2013,경기도 용인시,31191,2162884.4
2013,경기도 파주시,31200,5859315.5
2013,경기도 이천시,31210,699510.82
2013,경기도 안성시,31220,56253.161
2013,경기도 화성시,31240,1599068
2013,경기도 광주시,31250,323394.24
2013,경기도 양주시,31260,28221.327
2013,강원도 원주시,32020,184154.29
2013,강원도 강릉시,32030,7094280.3
2013,강원도 영월군,32530,7225494
2013,강원도 평창군,32540,191374.39
2013,강원도 정선군,32550,273031.53
2013,충청북도 충주시,33020,68394.886
2013,충청북도 청주시,33040,4491997.6
2013,충청북도 진천군,33550,53062.636
2013,충청북도 단양군,33580,11108121
2013,충청남도 천안시,34011,1532874.5
2013,충청남도 보령시,34030,30817307
2013,충청남도 아산시,34040,4762266.4
2013,충청남도 서산시,34050,11538956
2013,충청남도 당진시,34080,44153805
2013,충청남도 금산군,34510,82325
2013,충청남도 서천군,34540,2793922.1
2013,전라북도 전주시,35011,1294935.4
2013,전라북도 군산시,35020,6830096.6
2013,전라북도 익산시,35030,505133.68
2013,전라북도 정읍시,35040,90372
2013,전라북도 완주군,35510,302084.98
2013,전라북도 무주군,35530,24976
2013,전라남도 여수시,36020,25606528
2013,전라남도 광양시,36060,7608256.3
2013,전라남도 담양군,36510,123667
2013,전라남도 곡성군,36520,126774
2013,전라남도 영암군,36610,223564.09
2013,경상북도 포항시,37011,7008208.2
2013,경상북도 경주시,37020,4113298.6
2013,경상북도 김천시,37030,831852.64
2013,경상북도 구미시,37050,5351878.5
2013,경상북도 영주시,37060,282489.36
2013,경상북도 경산시,37100,79343.485
2013,경상남도 진주시,38030,303254.5
2013,경상남도 사천시,38060,96764.169
2013,경상남도 김해시,38070,83413.859
2013,경상남도 거제시,38090,239092.47
2013,경상남도 양산시,38100,697667.32
2013,경상남도 창원시,38111,1568193.1
2013,경상남도 함안군,38520,630658.83
2013,서울특별시 성동구,11040,91247.485
2013,서울특별시 중랑구,11070,809.149
2013,서울특별시 성북구,11080,1041.949
2013,서울특별시 강북구,11090,7417.4227
2013,서울특별시 도봉구,11100,16756.078
2013,서울특별시 노원구,11110,48600.846
2013,서울특별시 은평구,11120,915.27799
2013,서울특별시 양천구,11150,18890.396
2013,서울특별시 구로구,11170,2920.6449
2013,서울특별시 동작구,11200,38013.259
2013,서울특별시 관악구,11210,24021.191
2013,서울특별시 강동구,11250,11905.134
2013,부산광역시 중구,21010,19350.094
2013,부산광역시 서구,21020,109905.19
2013,부산광역시 동구,21030,0
2013,부산광역시 영도구,21040,1102.118
2013,부산광역시 동래구,21060,2352.0299
2013,부산광역시 북구,21080,0
2013,부산광역시 해운대구,21090,152436.83
2013,부산광역시 금정구,21110,6389.4859
2013,부산광역시 연제구,21130,2107.698
2013,부산광역시 사상구,21150,46515.784
2013,부산광역시 기장군,21510,39516.484
2013,대구광역시 서구,22030,23363.56
2013,대구광역시 수성구,22060,1729.254
2013,인천광역시 동구,23020,1375155.7
2013,인천광역시 부평구,23060,317629.2
2013,인천광역시 계양구,23070,17931.182
2013,인천광역시 미추홀구,23090,129177.96
2013,인천광역시 옹진군,23520,22257606
2013,광주광역시 동구,24010,1766.242
2013,광주광역시 서구,24020,64279.453
2013,광주광역시 남구,24030,857.3781
2013,대전광역시 동구,25010,65474.809
2013,대전광역시 중구,25020,19975.898
2013,대전광역시 서구,25030,38605.451
2013,울산광역시 북구,26040,342219
2013,경기도 수원시,31011,1210824.4
2013,경기도 의정부시,31030,38692.348
2013,경기도 광명시,31060,66702.825
2013,경기도 고양시,31101,2053606.4
2013,경기도 과천시,31110,357.53
2013,경기도 구리시,31120,47896.389
2013,경기도 남양주시,31130,1912.111
2013,경기도 의왕시,31170,144952.62
2013,경기도 하남시,31180,1078.589
2013,경기도 김포시,31230,1253.032
2013,경기도 포천시,31270,252.373
2013,경기도 여주시,31280,505598.35
2013,경기도 가평군,31570,19.200001
2013,강원도 춘천시,32010,34804.682
2013,강원도 동해시,32040,13167879
2013,강원도 태백시,32050,69.852997
2013,강원도 속초시,32060,20045.964
2013,강원도 삼척시,32070,7344890
2013,강원도 홍천군,32510,30971.49
2013,강원도 양양군,32610,141
2013,충청북도 제천시,33030,2867388.9
2013,충청북도 영동군,33540,2988.76
2013,충청북도 괴산군,33560,695.53983
2013,충청북도 음성군,33570,222315.84
2013,충청남도 공주시,34020,18635.464
2013,충청남도 논산시,34060,68669
2013,충청남도 부여군,34530,18191.502
2013,충청남도 청양군,34550,34670.373
2013,충청남도 예산군,34570,32.203999
2013,충청남도 태안군,34580,28510513
2013,전라북도 남원시,35050,87.982002
2013,전라북도 김제시,35060,0
2013,전라북도 순창군,35560,22214.9
2013,전라북도 고창군,35570,24966.388
2013,전라남도 목포시,36010,414.57999
2013,전라남도 순천시,36030,2610779.2
2013,전라남도 나주시,36040,690003.81
2013,전라남도 함평군,36630,49.082466
2013,전라남도 영광군,36640,37854.969
2013,경상북도 안동시,37040,59521.305
2013,경상북도 영천시,37070,131.347
2013,경상북도 상주시,37080,191.09801
2013,경상북도 청송군,37530,47
2013,경상북도 칠곡군,37590,126242.7
2013,경상북도 예천군,37600,58
2013,경상북도 봉화군,37610,333917.16
2013,경상북도 울진군,37620,9273.9004
2013,경상남도 통영시,38050,8389.972
2013,경상남도 밀양시,38080,20
2013,경상남도 의령군,38510,147746.52
2013,경상남도 창녕군,38530,127021.82
2013,경상남도 고성군,38540,23059096
2013,경상남도 하동군,38560,27490124
2013,경상남도 산청군,38570,47.799999
2013,제주특별자치도 제주시,39010,1005195.6
2013,제주특별자치도 서귀포시,39020,997656.64